-- I generated the sample testing data below using Claude. 

-- Users: 1xxxxxxx prefix
INSERT INTO users (user_id, user_email, username, nickname, password_hash, user_creation_time) VALUES
  ('10000000-0000-0000-0000-000000000001', 'alice@university.edu', 'alice_prof', 'Alice', crypt('pass1', gen_salt('bf')), '2024-01-10 09:00:00'),
  ('10000000-0000-0000-0000-000000000002', 'bob@university.edu',   'bobby_ta',   'Bob',   crypt('pass2', gen_salt('bf')), '2024-01-11 10:30:00'),
  ('10000000-0000-0000-0000-000000000003', 'carol@university.edu', 'carol_dev',  'Carol', crypt('pass3', gen_salt('bf')), '2024-01-12 14:00:00'),
  ('10000000-0000-0000-0000-000000000004', 'dan@startup.io',       'dan_cto',    'Dan',   crypt('pass4', gen_salt('bf')), '2024-02-01 08:00:00'),
  ('10000000-0000-0000-0000-000000000005', 'eve@startup.io',       'eve_eng',    'Eve',   crypt('pass5', gen_salt('bf')), '2024-02-02 09:15:00');

-- Workspaces: 20000000 prefix
INSERT INTO workspaces (workspace_id, workspace_name, workspace_creation_time, creator_id) VALUES
  ('20000000-0000-0000-0000-000000000001', 'CS Department', '2024-01-10 09:05:00', '10000000-0000-0000-0000-000000000001'),
  ('20000000-0000-0000-0000-000000000002', 'Startup HQ',    '2024-02-01 08:10:00', '10000000-0000-0000-0000-000000000004');

-- Workspace memberships
INSERT INTO workspace_membership (workspace_id, user_id, is_admin, joined_time) VALUES
  ('20000000-0000-0000-0000-000000000001', '10000000-0000-0000-0000-000000000001', true,  '2024-01-10 09:05:00'),
  ('20000000-0000-0000-0000-000000000001', '10000000-0000-0000-0000-000000000002', false, '2024-01-12 11:00:00'),
  ('20000000-0000-0000-0000-000000000001', '10000000-0000-0000-0000-000000000003', true,  '2024-01-13 09:00:00'),
  ('20000000-0000-0000-0000-000000000002', '10000000-0000-0000-0000-000000000004', true,  '2024-02-01 08:10:00'),
  ('20000000-0000-0000-0000-000000000002', '10000000-0000-0000-0000-000000000005', false, '2024-02-03 10:00:00'),
  ('20000000-0000-0000-0000-000000000002', '10000000-0000-0000-0000-000000000003', false, '2024-02-05 12:00:00');

-- Workspace invitations: 30000000 prefix
INSERT INTO workspace_invitation (invitation_id, workspace_id, inviter_user_id, invitee_email, invitee_user_id, invite_status, invitation_time, responded_at) VALUES
  ('30000000-0000-0000-0000-000000000001', '20000000-0000-0000-0000-000000000001', '10000000-0000-0000-0000-000000000001', 'bob@university.edu',   '10000000-0000-0000-0000-000000000002', 'accepted', '2024-01-11 10:00:00', '2024-01-12 11:00:00'),
  ('30000000-0000-0000-0000-000000000002', '20000000-0000-0000-0000-000000000001', '10000000-0000-0000-0000-000000000001', 'carol@university.edu', '10000000-0000-0000-0000-000000000003', 'accepted', '2024-01-12 08:00:00', '2024-01-13 09:00:00'),
  ('30000000-0000-0000-0000-000000000003', '20000000-0000-0000-0000-000000000002', '10000000-0000-0000-0000-000000000004', 'carol@university.edu', '10000000-0000-0000-0000-000000000003', 'accepted', '2024-02-04 09:00:00', '2024-02-05 12:00:00'),
  ('30000000-0000-0000-0000-000000000004', '20000000-0000-0000-0000-000000000001', '10000000-0000-0000-0000-000000000001', 'frank@university.edu', NULL,                                   'pending',  '2024-01-01 08:00:00', NULL),
  ('30000000-0000-0000-0000-000000000005', '20000000-0000-0000-0000-000000000002', '10000000-0000-0000-0000-000000000004', 'alice@university.edu', '10000000-0000-0000-0000-000000000001', 'declined', '2024-02-06 10:00:00', '2024-02-07 15:00:00');

-- Channels: 40000000 prefix
INSERT INTO channels (channel_id, workspace_id, channel_name, channel_type, creator_id, created_at) VALUES
  ('40000000-0000-0000-0000-000000000001', '20000000-0000-0000-0000-000000000001', 'general',      'public',  '10000000-0000-0000-0000-000000000001', '2024-01-10 09:10:00'),
  ('40000000-0000-0000-0000-000000000002', '20000000-0000-0000-0000-000000000001', 'grading',      'private', '10000000-0000-0000-0000-000000000001', '2024-01-14 10:00:00'),
  ('40000000-0000-0000-0000-000000000003', '20000000-0000-0000-0000-000000000001', 'alice-bob-dm', 'direct',  '10000000-0000-0000-0000-000000000001', '2024-01-15 08:00:00'),
  ('40000000-0000-0000-0000-000000000004', '20000000-0000-0000-0000-000000000002', 'engineering',  'public',  '10000000-0000-0000-0000-000000000004', '2024-02-01 08:20:00'),
  ('40000000-0000-0000-0000-000000000005', '20000000-0000-0000-0000-000000000002', 'dan-carol-dm', 'direct',  '10000000-0000-0000-0000-000000000004', '2024-02-06 09:00:00');

-- Channel memberships
INSERT INTO channel_membership (channel_id, user_id, joined_time) VALUES
  ('40000000-0000-0000-0000-000000000001', '10000000-0000-0000-0000-000000000001', '2024-01-10 09:10:00'),
  ('40000000-0000-0000-0000-000000000001', '10000000-0000-0000-0000-000000000002', '2024-01-12 11:05:00'),
  ('40000000-0000-0000-0000-000000000001', '10000000-0000-0000-0000-000000000003', '2024-01-13 09:05:00'),
  ('40000000-0000-0000-0000-000000000002', '10000000-0000-0000-0000-000000000001', '2024-01-14 10:00:00'),
  ('40000000-0000-0000-0000-000000000002', '10000000-0000-0000-0000-000000000003', '2024-01-14 10:30:00'),
  ('40000000-0000-0000-0000-000000000003', '10000000-0000-0000-0000-000000000001', '2024-01-15 08:00:00'),
  ('40000000-0000-0000-0000-000000000003', '10000000-0000-0000-0000-000000000002', '2024-01-15 08:01:00'),
  ('40000000-0000-0000-0000-000000000004', '10000000-0000-0000-0000-000000000004', '2024-02-01 08:20:00'),
  ('40000000-0000-0000-0000-000000000004', '10000000-0000-0000-0000-000000000005', '2024-02-03 10:05:00'),
  ('40000000-0000-0000-0000-000000000004', '10000000-0000-0000-0000-000000000003', '2024-02-05 12:05:00'),
  ('40000000-0000-0000-0000-000000000005', '10000000-0000-0000-0000-000000000004', '2024-02-06 09:00:00'),
  ('40000000-0000-0000-0000-000000000005', '10000000-0000-0000-0000-000000000003', '2024-02-06 09:01:00');

-- Channel invitations: 50000000 prefix
INSERT INTO channel_invitation (invitation_id, channel_id, inviter_user_id, invitee_user_id, invite_status, invitation_time, responded_at) VALUES
  ('50000000-0000-0000-0000-000000000001', '40000000-0000-0000-0000-000000000002', '10000000-0000-0000-0000-000000000001', '10000000-0000-0000-0000-000000000003', 'accepted', '2024-01-14 10:00:00', '2024-01-14 10:30:00'),
  ('50000000-0000-0000-0000-000000000002', '40000000-0000-0000-0000-000000000002', '10000000-0000-0000-0000-000000000001', '10000000-0000-0000-0000-000000000002', 'declined', '2024-01-14 10:00:00', '2024-01-14 18:00:00'),
  ('50000000-0000-0000-0000-000000000003', '40000000-0000-0000-0000-000000000004', '10000000-0000-0000-0000-000000000004', '10000000-0000-0000-0000-000000000005', 'accepted', '2024-02-03 09:00:00', '2024-02-03 10:05:00'),
  ('50000000-0000-0000-0000-000000000004', '40000000-0000-0000-0000-000000000004', '10000000-0000-0000-0000-000000000004', '10000000-0000-0000-0000-000000000003', 'accepted', '2024-02-04 11:00:00', '2024-02-05 12:05:00'),
  ('50000000-0000-0000-0000-000000000005', '40000000-0000-0000-0000-000000000002', '10000000-0000-0000-0000-000000000003', '10000000-0000-0000-0000-000000000002', 'pending',  '2024-01-20 12:00:00', NULL);

-- Messages: 60000000 prefix
INSERT INTO messages (message_id, channel_id, user_id, message_text, message_time) VALUES
  ('60000000-0000-0000-0000-000000000001', '40000000-0000-0000-0000-000000000001', '10000000-0000-0000-0000-000000000001', 'Welcome everyone to the CS Department workspace! Please introduce yourselves.', '2024-01-13 09:30:00'),
  ('60000000-0000-0000-0000-000000000002', '40000000-0000-0000-0000-000000000001', '10000000-0000-0000-0000-000000000002', 'Hi all! I am Bob, the TA for CS301 this semester. Happy to be here.', '2024-01-13 10:00:00'),
  ('60000000-0000-0000-0000-000000000003', '40000000-0000-0000-0000-000000000001', '10000000-0000-0000-0000-000000000003', 'Hey! Carol here. I work on the database systems research group.', '2024-01-13 10:15:00'),
  ('60000000-0000-0000-0000-000000000004', '40000000-0000-0000-0000-000000000001', '10000000-0000-0000-0000-000000000002', 'Quick note: the CS301 midterm will cover graph algorithms and perpendicular bisectors in computational geometry.', '2024-01-20 14:00:00'),
  ('60000000-0000-0000-0000-000000000005', '40000000-0000-0000-0000-000000000001', '10000000-0000-0000-0000-000000000001', 'Reminder: faculty meeting on Friday at 3pm in Room 204.', '2024-01-22 09:00:00'),
  ('60000000-0000-0000-0000-000000000006', '40000000-0000-0000-0000-000000000002', '10000000-0000-0000-0000-000000000001', 'Carol, can you review the rubric for the final project?', '2024-01-15 11:00:00'),
  ('60000000-0000-0000-0000-000000000007', '40000000-0000-0000-0000-000000000002', '10000000-0000-0000-0000-000000000003', 'Sure! The perpendicular distance metric in question 3 needs a clearer definition.', '2024-01-15 11:45:00'),
  ('60000000-0000-0000-0000-000000000008', '40000000-0000-0000-0000-000000000002', '10000000-0000-0000-0000-000000000001', 'Good catch. I will update the rubric tonight.', '2024-01-15 12:00:00'),
  ('60000000-0000-0000-0000-000000000009', '40000000-0000-0000-0000-000000000003', '10000000-0000-0000-0000-000000000001', 'Bob, three students asked for extensions. I already approved them.', '2024-01-18 08:30:00'),
  ('60000000-0000-0000-0000-000000000010', '40000000-0000-0000-0000-000000000003', '10000000-0000-0000-0000-000000000002', 'Thanks for letting me know! I will keep an eye out for their late submissions.', '2024-01-18 09:00:00'),
  ('60000000-0000-0000-0000-000000000011', '40000000-0000-0000-0000-000000000004', '10000000-0000-0000-0000-000000000004', 'Team, we are switching the API to REST. All endpoints need to be documented by end of sprint.', '2024-02-01 09:00:00'),
  ('60000000-0000-0000-0000-000000000012', '40000000-0000-0000-0000-000000000004', '10000000-0000-0000-0000-000000000005', 'Should we use perpendicular versioning or date-based versioning for the API?', '2024-02-01 09:30:00'),
  ('60000000-0000-0000-0000-000000000013', '40000000-0000-0000-0000-000000000004', '10000000-0000-0000-0000-000000000003', 'I would recommend semantic versioning. It is the industry standard.', '2024-02-05 13:00:00'),
  ('60000000-0000-0000-0000-000000000014', '40000000-0000-0000-0000-000000000004', '10000000-0000-0000-0000-000000000004', 'Agreed. Eve please set up the OpenAPI spec doc in the repo.', '2024-02-05 13:30:00'),
  ('60000000-0000-0000-0000-000000000015', '40000000-0000-0000-0000-000000000005', '10000000-0000-0000-0000-000000000004', 'Carol, the board wants a demo next Tuesday. Are we in good shape on the backend?', '2024-02-06 09:05:00'),
  ('60000000-0000-0000-0000-000000000016', '40000000-0000-0000-0000-000000000005', '10000000-0000-0000-0000-000000000003', 'We should be fine. The database schema is solid.', '2024-02-06 09:30:00');

-- Is_seen
INSERT INTO is_seen (message_id, user_id, is_seen, seen_time) VALUES
  ('60000000-0000-0000-0000-000000000001', '10000000-0000-0000-0000-000000000001', true,  '2024-01-13 09:31:00'),
  ('60000000-0000-0000-0000-000000000002', '10000000-0000-0000-0000-000000000001', true,  '2024-01-13 10:05:00'),
  ('60000000-0000-0000-0000-000000000003', '10000000-0000-0000-0000-000000000001', true,  '2024-01-13 10:20:00'),
  ('60000000-0000-0000-0000-000000000004', '10000000-0000-0000-0000-000000000001', true,  '2024-01-20 14:05:00'),
  ('60000000-0000-0000-0000-000000000005', '10000000-0000-0000-0000-000000000001', true,  '2024-01-22 09:01:00'),
  ('60000000-0000-0000-0000-000000000001', '10000000-0000-0000-0000-000000000002', true,  '2024-01-13 10:00:00'),
  ('60000000-0000-0000-0000-000000000002', '10000000-0000-0000-0000-000000000002', true,  '2024-01-13 10:01:00'),
  ('60000000-0000-0000-0000-000000000003', '10000000-0000-0000-0000-000000000002', true,  '2024-01-13 10:20:00'),
  ('60000000-0000-0000-0000-000000000004', '10000000-0000-0000-0000-000000000002', true,  '2024-01-20 15:00:00'),
  ('60000000-0000-0000-0000-000000000005', '10000000-0000-0000-0000-000000000002', false, NULL),
  ('60000000-0000-0000-0000-000000000006', '10000000-0000-0000-0000-000000000003', true,  '2024-01-15 11:30:00'),
  ('60000000-0000-0000-0000-000000000007', '10000000-0000-0000-0000-000000000003', true,  '2024-01-15 11:46:00'),
  ('60000000-0000-0000-0000-000000000008', '10000000-0000-0000-0000-000000000003', false, NULL),
  ('60000000-0000-0000-0000-000000000009', '10000000-0000-0000-0000-000000000001', true,  '2024-01-18 08:31:00'),
  ('60000000-0000-0000-0000-000000000010', '10000000-0000-0000-0000-000000000001', true,  '2024-01-18 09:05:00'),
  ('60000000-0000-0000-0000-000000000009', '10000000-0000-0000-0000-000000000002', false, NULL),
  ('60000000-0000-0000-0000-000000000010', '10000000-0000-0000-0000-000000000002', true,  '2024-01-18 09:00:00'),
  ('60000000-0000-0000-0000-000000000011', '10000000-0000-0000-0000-000000000004', true,  '2024-02-01 09:01:00'),
  ('60000000-0000-0000-0000-000000000012', '10000000-0000-0000-0000-000000000004', true,  '2024-02-01 09:35:00'),
  ('60000000-0000-0000-0000-000000000013', '10000000-0000-0000-0000-000000000004', true,  '2024-02-05 13:05:00'),
  ('60000000-0000-0000-0000-000000000014', '10000000-0000-0000-0000-000000000004', true,  '2024-02-05 13:31:00'),
  ('60000000-0000-0000-0000-000000000011', '10000000-0000-0000-0000-000000000005', true,  '2024-02-01 09:15:00'),
  ('60000000-0000-0000-0000-000000000012', '10000000-0000-0000-0000-000000000005', true,  '2024-02-01 09:31:00'),
  ('60000000-0000-0000-0000-000000000013', '10000000-0000-0000-0000-000000000005', true,  '2024-02-05 13:10:00'),
  ('60000000-0000-0000-0000-000000000014', '10000000-0000-0000-0000-000000000005', true,  '2024-02-05 14:00:00'),
  ('60000000-0000-0000-0000-000000000011', '10000000-0000-0000-0000-000000000003', true,  '2024-02-05 12:30:00'),
  ('60000000-0000-0000-0000-000000000012', '10000000-0000-0000-0000-000000000003', true,  '2024-02-05 12:31:00'),
  ('60000000-0000-0000-0000-000000000013', '10000000-0000-0000-0000-000000000003', true,  '2024-02-05 13:01:00'),
  ('60000000-0000-0000-0000-000000000014', '10000000-0000-0000-0000-000000000003', false, NULL);